K,KNN Baseline,KNN + SMOTE
1,0.5651680479933228,0.5660220170747045
2,0.5280232823737308,0.5691997272923139
3,0.5742386053381977,0.5619916773425606
4,0.5293929121046617,0.5734080953371421
5,0.5631209978384337,0.5614654693191821
6,0.5325707794105422,0.573998934770073
7,0.5651929828006408,0.5601747755353306
8,0.5348591826425849,0.5755992180278294
9,0.5606273490495394,0.5626163197452068
10,0.5354244661739063,0.5769371194268302
11,0.559762038847223,0.5653067633084817
12,0.5332764910956077,0.5775634849748241
13,0.5547587242193474,0.5657750750748817
14,0.5328181987280636,0.57779163958775
15,0.5504517257775114,0.5678099057692509
16,0.5316807506816589,0.5778721025147542
17,0.5490163949379263,0.5695088145113653
18,0.5272060627088186,0.5801363400090164
19,0.5432582740100236,0.5680950780885052
20,0.5282528298838557,0.5790199001790408
21,0.5423798914220819,0.5687347443765157
22,0.5281698942884343,0.5782966311596187
23,0.540652848725184,0.5696938107992938
24,0.5277454294706878,0.5788401494492093
25,0.5404159756141346,0.5709758956128436
26,0.5267246785002093,0.5793962794800568
27,0.5391441418274258,0.5724512467502378
28,0.5255029071977028,0.5794838894236806
29,0.537727411940479,0.5717080075809605
30,0.5254788249011388,0.5802580082956345
31,0.5358609941512793,0.5726277769664467
32,0.5257767258607569,0.5791806553823162
33,0.5360327446220438,0.573125924174771
34,0.5257895848764063,0.5798316312755125
35,0.532764556185386,0.5744498307827968
36,0.5252555313804035,0.5810402362881094
37,0.53195477921299,0.5751936509956648
38,0.522589726004571,0.5825084300962936
39,0.5307997762099719,0.575341538960023
40,0.5216422262005068,0.5822816728581935
41,0.5295168308993368,0.5759040999826415
42,0.5230753860431403,0.5815680114618724
43,0.5291101284007169,0.5766281428807172
44,0.5195604650574773,0.5829577743361636
45,0.5280046679505542,0.5780436516720293
46,0.5189858375689761,0.5826770716413872
47,0.5275127383947424,0.5781859457792488
48,0.5194406334541143,0.5833101082332919
49,0.526374086966799,0.5782211693745246
50,0.5195098156090562,0.5830920853083035
