K,CV_Macro_F1
1,0.5651680479933228
2,0.5280232823737308
3,0.5742386053381977
4,0.5293929121046617
5,0.5631209978384337
6,0.5325707794105422
7,0.5651929828006408
8,0.5348591826425849
9,0.5606273490495394
10,0.5354244661739063
11,0.559762038847223
12,0.5332764910956077
13,0.5547587242193474
14,0.5328181987280636
15,0.5504517257775114
16,0.5316807506816589
17,0.5490163949379263
18,0.5272060627088186
19,0.5432582740100236
20,0.5282528298838557
21,0.5423798914220819
22,0.5281698942884343
23,0.540652848725184
24,0.5277454294706878
25,0.5404159756141346
26,0.5267246785002093
27,0.5391441418274258
28,0.5255029071977028
29,0.537727411940479
30,0.5254788249011388
31,0.5358609941512793
32,0.5257767258607569
33,0.5360327446220438
34,0.5257895848764063
35,0.532764556185386
36,0.5252555313804035
37,0.53195477921299
38,0.522589726004571
39,0.5307997762099719
40,0.5216422262005068
41,0.5295168308993368
42,0.5230753860431403
43,0.5291101284007169
44,0.5195604650574773
45,0.5280046679505542
46,0.5189858375689761
47,0.5275127383947424
48,0.5194406334541143
49,0.526374086966799
50,0.5195098156090562
