Feature_Set,Strategy,N_Features,Best_Var_Smoothing,CV_Macro_F1_Mean,CV_Macro_F1_Std
All features,Baseline,33,0.01,0.6989442020634581,0.004998199121058606
EDA features,Baseline,9,1e-12,0.6519159010786454,0.006261074916118441
All features,SMOTE,33,0.001,0.645613823296703,0.00784438002230563
All features,Balanced Prior,33,100.0,0.638959840153021,0.005980847684821436
KNN features,Baseline,11,1e-12,0.6280409587122797,0.009080450861716431
KNN features,Balanced Prior,11,100.0,0.6276057594065271,0.006229290503994803
EDA features,Balanced Prior,9,100.0,0.6274287372221639,0.003552455600320965
EDA features,SMOTE,9,1e-12,0.619462748756055,0.006250649122268913
KNN features,SMOTE,11,100.0,0.6053273223287615,0.005698018594756739
