Feature,Mean_No_Attrition,Mean_Attrition,Mean_Difference
manager_relationship_score,0.1109576343674634,-0.49674744867490067,-0.607705083042364
work_arrangement_onsite,-0.10897387629518127,0.4878663404319265,0.5968402167271077
days_in_office_required,-0.10412005404469488,0.4661362104323717,0.5702562644770666
engagement_score,0.09470478273418782,-0.42398487917215,-0.5186896619063378
rto_mandate,-0.09187291640534545,0.41130686578596193,0.5031797821913073
burnout_score,-0.061893535977425244,0.2770918491686053,0.33898538514603055
work_arrangement_remote,0.05262767958323368,-0.23560943518386684,-0.2882371147671005
salary_vs_market_pct,0.04295102890399301,-0.1922879317646694,-0.2352389606686624
career_growth_score,0.03360555180392841,-0.15044906296963934,-0.18405461477356774
tenure_years,0.032846679653847424,-0.1470516599286363,-0.17989833958248375
ai_tools_adoption,0.02908037025833719,-0.13019022814156636,-0.15927059839990354
prefers_remote,-0.027693794227028605,0.12398265071915854,0.15167644494618715
manager_1on1_per_month,0.026045103840348874,-0.11660161066806314,-0.14264671450841201
commute_minutes,-0.02556523466087302,0.11445327908225365,0.14001851374312668
promotions_last_2y,0.02460665527925569,-0.11016180454884714,-0.13476845982810282
recent_layoff_round,-0.024563905043365995,0.10997041554949748,0.13453432059286347
after_hours_work,-0.014323450071632304,0.06412481051771894,0.07844826058935124
age,0.013610258867494783,-0.06093191700394813,-0.0745421758714429
job_level,-0.01223721519402881,0.054784922742570984,0.0670221379365998
salary_usd,-0.011579274004954926,0.05183937862643669,0.06341865263139163
weekly_hours,-0.011478094775045482,0.051386408223789176,0.06286450299883466
gender_Male,0.010529238031561442,-0.04713846107558694,-0.05766769910714838
department_Sales,0.004121590403089865,-0.018451993221456024,-0.02257358362454589
department_Engineering,-0.003763023765602371,0.016846722314525046,0.020609746080127417
department_Product,-0.003718888707755115,0.016649133590640113,0.020368022298395228
gender_Other,0.002771671572468477,-0.012408526822325319,-0.015180198394793796
department_Operations,0.0026413525252542893,-0.011825100052379262,-0.014466452577633552
flexibility_importance,0.0017951609757972105,-0.008036775835854947,-0.009831936811652158
department_Data,-0.0015591745345006854,0.006980285551934063,0.008539460086434749
department_HR,0.001243332511005613,-0.0055662889373738035,-0.006809621448379417
department_Finance,0.0008879363094070828,-0.003975211789596276,-0.004863148099003359
department_Marketing,0.000473363613419042,-0.002119206745908916,-0.002592570359327958
team_size,0.00041887817256634275,-0.0018752802789471896,-0.0022941584515135324
