Feature,F1_Drop_Mean,F1_Drop_Std
manager_relationship_score,0.04022946540912853,0.0032556854076120777
work_arrangement_onsite,0.03964756551975832,0.0027120345787709473
engagement_score,0.023053779433200992,0.0033992111340301057
days_in_office_required,0.022719455953601274,0.005041596490545849
rto_mandate,0.019726280921824157,0.003274668645223308
burnout_score,0.013565519622544885,0.0012982677928504438
work_arrangement_remote,0.011542575241911013,0.002963976798790569
salary_vs_market_pct,0.006238990281787782,0.001911932844468899
tenure_years,0.005659268303647625,0.0015332397142951992
prefers_remote,0.004831413668475415,0.0011382727972371715
manager_1on1_per_month,0.0044124904574006415,0.0022524627867436505
after_hours_work,0.002974255656017455,0.0012113766477745967
ai_tools_adoption,0.0026083487973275975,0.0016824402934914463
career_growth_score,0.00256984272422478,0.0014429099622115396
promotions_last_2y,0.002433631134376468,0.0014998546962891528
department_Sales,0.0016445798264812296,0.0012866367298624238
age,0.001600549620420244,0.001352707783346441
weekly_hours,0.0014046278365136833,0.0015700185320112249
gender_Other,0.0013726492569644533,0.0006384410224904949
department_Engineering,0.0012074549520521116,0.0008151591711323166
commute_minutes,0.0011941025797194804,0.0015076818366773616
job_level,0.0011804649855274075,0.000812308662106228
salary_usd,0.0009430139403769578,0.0010282415630293975
department_Finance,0.0006121454072953503,0.00045847659268139965
flexibility_importance,0.0005170819165601359,0.0005804230502572405
department_HR,0.00011428942944973209,0.0005057629725124922
department_Data,8.424006616185587e-05,0.0005522842079173643
gender_Male,7.128097744875106e-05,0.0008728239710156085
department_Operations,5.9167156485839814e-05,0.0005549945518775517
team_size,-0.0002897593341383398,0.0005652545222546097
department_Product,-0.0005022522153450004,0.001076865249260273
department_Marketing,-0.0007405844108262615,0.0004618991137806358
recent_layoff_round,-0.0013104065763565264,0.0017157392632681618
