Feature_Set,Strategy,Var_Smoothing,CV_Macro_F1,CV_F1_No_Attrition,CV_F1_Attrition
All features,Baseline,1e-12,0.6987682751221135,0.8932114827846963,0.5043250674595304
All features,Baseline,1e-11,0.6987682751221135,0.8932114827846963,0.5043250674595304
All features,Baseline,1e-10,0.6987682751221135,0.8932114827846963,0.5043250674595304
All features,Baseline,1e-09,0.6987682751221135,0.8932114827846963,0.5043250674595304
All features,Baseline,1e-08,0.6987682751221135,0.8932114827846963,0.5043250674595304
All features,Baseline,1e-07,0.6987682751221135,0.8932114827846963,0.5043250674595304
All features,Baseline,1e-06,0.6987682751221135,0.8932114827846963,0.5043250674595304
All features,Baseline,1e-05,0.6987682751221135,0.8932114827846963,0.5043250674595304
All features,Baseline,0.0001,0.6988278691920737,0.89325039200735,0.5044053463767972
All features,Baseline,0.001,0.6988145557775859,0.8932967597696189,0.5043323517855527
All features,Baseline,0.01,0.6989442020634581,0.893863596577501,0.5040248075494151
All features,Baseline,0.1,0.696392700115042,0.8981097411491582,0.4946756590809255
All features,Baseline,1.0,0.5795389705527807,0.9080662588778659,0.2510116822276953
All features,Baseline,10.0,0.4497680381790712,0.8995360763581424,0.0
All features,Baseline,100.0,0.4497680381790712,0.8995360763581424,0.0
All features,Balanced Prior,1e-12,0.6346105375494768,0.7931423152529838,0.4760787598459698
All features,Balanced Prior,1e-11,0.6346105375494768,0.7931423152529838,0.4760787598459698
All features,Balanced Prior,1e-10,0.6346105375494768,0.7931423152529838,0.4760787598459698
All features,Balanced Prior,1e-09,0.6346105375494768,0.7931423152529838,0.4760787598459698
All features,Balanced Prior,1e-08,0.6346105375494768,0.7931423152529838,0.4760787598459698
All features,Balanced Prior,1e-07,0.6346105375494768,0.7931423152529838,0.4760787598459698
All features,Balanced Prior,1e-06,0.6346105375494768,0.7931423152529838,0.4760787598459698
All features,Balanced Prior,1e-05,0.6346105375494768,0.7931423152529838,0.4760787598459698
All features,Balanced Prior,0.0001,0.6346105375494768,0.7931423152529838,0.4760787598459698
All features,Balanced Prior,0.001,0.6345621826361378,0.7930939021748088,0.47603046309746666
All features,Balanced Prior,0.01,0.634557528091407,0.7929966888801705,0.47611836730264345
All features,Balanced Prior,0.1,0.6347482006646203,0.7923946366459984,0.4771017646832423
All features,Balanced Prior,1.0,0.6362781295242284,0.790115332992127,0.4824409260563298
All features,Balanced Prior,10.0,0.638412098230025,0.7904141860973298,0.48641001036271997
All features,Balanced Prior,100.0,0.638959840153021,0.7908439583476062,0.4870757219584355
All features,SMOTE,1e-12,0.645564264920764,0.8145822862096758,0.4765462436318523
All features,SMOTE,1e-11,0.645564264920764,0.8145822862096758,0.4765462436318523
All features,SMOTE,1e-10,0.645564264920764,0.8145822862096758,0.4765462436318523
All features,SMOTE,1e-09,0.645564264920764,0.8145822862096758,0.4765462436318523
All features,SMOTE,1e-08,0.645564264920764,0.8145822862096758,0.4765462436318523
All features,SMOTE,1e-07,0.645564264920764,0.8145822862096758,0.4765462436318523
All features,SMOTE,1e-06,0.645564264920764,0.8145822862096758,0.4765462436318523
All features,SMOTE,1e-05,0.645564264920764,0.8145822862096758,0.4765462436318523
All features,SMOTE,0.0001,0.645489878103973,0.814513157731062,0.47646659847688416
All features,SMOTE,0.001,0.645613823296703,0.8144765268525042,0.47675111974090195
All features,SMOTE,0.01,0.6452950066314751,0.8130226413721662,0.47756737189078413
All features,SMOTE,0.1,0.6327942334027885,0.7935121126251229,0.4720763541804539
All features,SMOTE,1.0,0.5469084013013588,0.6640589863125894,0.42975781629012805
All features,SMOTE,10.0,0.4419390703447997,0.49648940040175094,0.38738874028784837
All features,SMOTE,100.0,0.4194462931129871,0.45992457023701505,0.37896801598895913
Direct Variation features,Baseline,1e-12,0.6280409587122797,0.883413724801183,0.3726681926233767
Direct Variation features,Baseline,1e-11,0.6280409587122797,0.883413724801183,0.3726681926233767
Direct Variation features,Baseline,1e-10,0.6280409587122797,0.883413724801183,0.3726681926233767
Direct Variation features,Baseline,1e-09,0.6280409587122797,0.883413724801183,0.3726681926233767
Direct Variation features,Baseline,1e-08,0.6280409587122797,0.883413724801183,0.3726681926233767
Direct Variation features,Baseline,1e-07,0.6280409587122797,0.883413724801183,0.3726681926233767
Direct Variation features,Baseline,1e-06,0.6280409587122797,0.883413724801183,0.3726681926233767
Direct Variation features,Baseline,1e-05,0.6280409587122797,0.883413724801183,0.3726681926233767
Direct Variation features,Baseline,0.0001,0.6280409587122797,0.883413724801183,0.3726681926233767
Direct Variation features,Baseline,0.001,0.6280099065540238,0.8834789732414363,0.37254083986661135
Direct Variation features,Baseline,0.01,0.6275572527617892,0.8841170684210917,0.37099743710248695
Direct Variation features,Baseline,0.1,0.6157463560075671,0.8889272763829321,0.34256543563220215
Direct Variation features,Baseline,1.0,0.45581445523676994,0.8997638506425829,0.011865059830957012
Direct Variation features,Baseline,10.0,0.4497680381790712,0.8995360763581424,0.0
Direct Variation features,Baseline,100.0,0.4497680381790712,0.8995360763581424,0.0
Direct Variation features,Balanced Prior,1e-12,0.599729712517803,0.767779327222249,0.43168009781335703
Direct Variation features,Balanced Prior,1e-11,0.599729712517803,0.767779327222249,0.43168009781335703
Direct Variation features,Balanced Prior,1e-10,0.599729712517803,0.767779327222249,0.43168009781335703
Direct Variation features,Balanced Prior,1e-09,0.599729712517803,0.767779327222249,0.43168009781335703
Direct Variation features,Balanced Prior,1e-08,0.599729712517803,0.767779327222249,0.43168009781335703
Direct Variation features,Balanced Prior,1e-07,0.599729712517803,0.767779327222249,0.43168009781335703
Direct Variation features,Balanced Prior,1e-06,0.599729712517803,0.767779327222249,0.43168009781335703
Direct Variation features,Balanced Prior,1e-05,0.599729712517803,0.767779327222249,0.43168009781335703
Direct Variation features,Balanced Prior,0.0001,0.599729712517803,0.767779327222249,0.43168009781335703
Direct Variation features,Balanced Prior,0.001,0.5997758298437215,0.7678294406678774,0.4317222190195656
Direct Variation features,Balanced Prior,0.01,0.599957725333284,0.7682035239558802,0.431711926710688
Direct Variation features,Balanced Prior,0.1,0.6018509134006373,0.7713111284384901,0.43239069836278476
Direct Variation features,Balanced Prior,1.0,0.6117814574621582,0.7885319079624009,0.43503100696191527
Direct Variation features,Balanced Prior,10.0,0.6256685085230985,0.8113571568298393,0.4399798602163577
Direct Variation features,Balanced Prior,100.0,0.6276057594065271,0.8155597942016282,0.4396517246114257
Direct Variation features,SMOTE,1e-12,0.5994849284081731,0.7690838319640398,0.42988602485230637
Direct Variation features,SMOTE,1e-11,0.5994849284081731,0.7690838319640398,0.42988602485230637
Direct Variation features,SMOTE,1e-10,0.5994849284081731,0.7690838319640398,0.42988602485230637
Direct Variation features,SMOTE,1e-09,0.5994849284081731,0.7690838319640398,0.42988602485230637
Direct Variation features,SMOTE,1e-08,0.5994849284081731,0.7690838319640398,0.42988602485230637
Direct Variation features,SMOTE,1e-07,0.5994849284081731,0.7690838319640398,0.42988602485230637
Direct Variation features,SMOTE,1e-06,0.5994849284081731,0.7690838319640398,0.42988602485230637
Direct Variation features,SMOTE,1e-05,0.5994849284081731,0.7690838319640398,0.42988602485230637
Direct Variation features,SMOTE,0.0001,0.5994849284081731,0.7690838319640398,0.42988602485230637
Direct Variation features,SMOTE,0.001,0.5994849284081731,0.7690838319640398,0.42988602485230637
Direct Variation features,SMOTE,0.01,0.5995542728037646,0.769124044068156,0.4299845015393732
Direct Variation features,SMOTE,0.1,0.6001584554966044,0.7697675425800614,0.43054936841314734
Direct Variation features,SMOTE,1.0,0.6019944737467644,0.7725273426575794,0.4314616048359496
Direct Variation features,SMOTE,10.0,0.6046513029384285,0.7773892299512749,0.43191337592558215
Direct Variation features,SMOTE,100.0,0.6053273223287615,0.7786568375391045,0.43199780711841856
Top Most Important features,Baseline,1e-12,0.6884357622025175,0.8901206262568998,0.48675089814813505
Top Most Important features,Baseline,1e-11,0.6884357622025175,0.8901206262568998,0.48675089814813505
Top Most Important features,Baseline,1e-10,0.6884357622025175,0.8901206262568998,0.48675089814813505
Top Most Important features,Baseline,1e-09,0.6884357622025175,0.8901206262568998,0.48675089814813505
Top Most Important features,Baseline,1e-08,0.6884357622025175,0.8901206262568998,0.48675089814813505
Top Most Important features,Baseline,1e-07,0.6884357622025175,0.8901206262568998,0.48675089814813505
Top Most Important features,Baseline,1e-06,0.6884357622025175,0.8901206262568998,0.48675089814813505
Top Most Important features,Baseline,1e-05,0.6884662729222745,0.8901398645387131,0.48679268130583575
Top Most Important features,Baseline,0.0001,0.6884662729222745,0.8901398645387131,0.48679268130583575
Top Most Important features,Baseline,0.001,0.6884023375713079,0.8901902806635201,0.4866143944790956
Top Most Important features,Baseline,0.01,0.6885374409120553,0.8907325641783714,0.4863423176457392
Top Most Important features,Baseline,0.1,0.6839437328183414,0.8948352823280457,0.473052183308637
Top Most Important features,Baseline,1.0,0.5653963863320497,0.9062497411624854,0.22454303150161414
Top Most Important features,Baseline,10.0,0.4497680381790712,0.8995360763581424,0.0
Top Most Important features,Baseline,100.0,0.4497680381790712,0.8995360763581424,0.0
Top Most Important features,Balanced Prior,1e-12,0.6268527414675705,0.7863099012636359,0.46739558167150524
Top Most Important features,Balanced Prior,1e-11,0.6268527414675705,0.7863099012636359,0.46739558167150524
Top Most Important features,Balanced Prior,1e-10,0.6268527414675705,0.7863099012636359,0.46739558167150524
Top Most Important features,Balanced Prior,1e-09,0.6268527414675705,0.7863099012636359,0.46739558167150524
Top Most Important features,Balanced Prior,1e-08,0.6268527414675705,0.7863099012636359,0.46739558167150524
Top Most Important features,Balanced Prior,1e-07,0.6268527414675705,0.7863099012636359,0.46739558167150524
Top Most Important features,Balanced Prior,1e-06,0.6268527414675705,0.7863099012636359,0.46739558167150524
Top Most Important features,Balanced Prior,1e-05,0.6268527414675705,0.7863099012636359,0.46739558167150524
Top Most Important features,Balanced Prior,0.0001,0.6268527414675705,0.7863099012636359,0.46739558167150524
Top Most Important features,Balanced Prior,0.001,0.6268527414675705,0.7863099012636359,0.46739558167150524
Top Most Important features,Balanced Prior,0.01,0.6267798391889937,0.7862367252601138,0.46732295311787364
Top Most Important features,Balanced Prior,0.1,0.626457436348238,0.78528164602569,0.46763322667078616
Top Most Important features,Balanced Prior,1.0,0.6249998916351152,0.7804472478830087,0.46955253538722197
Top Most Important features,Balanced Prior,10.0,0.624500594073743,0.7774706320481528,0.47153055609933325
Top Most Important features,Balanced Prior,100.0,0.6246486934108814,0.7771576534817902,0.4721397333399726
Top Most Important features,SMOTE,1e-12,0.6297365518969198,0.7913894704250278,0.46808363336881176
Top Most Important features,SMOTE,1e-11,0.6297365518969198,0.7913894704250278,0.46808363336881176
Top Most Important features,SMOTE,1e-10,0.6297365518969198,0.7913894704250278,0.46808363336881176
Top Most Important features,SMOTE,1e-09,0.6297365518969198,0.7913894704250278,0.46808363336881176
Top Most Important features,SMOTE,1e-08,0.6297365518969198,0.7913894704250278,0.46808363336881176
Top Most Important features,SMOTE,1e-07,0.6297365518969198,0.7913894704250278,0.46808363336881176
Top Most Important features,SMOTE,1e-06,0.6297365518969198,0.7913894704250278,0.46808363336881176
Top Most Important features,SMOTE,1e-05,0.6297365518969198,0.7913894704250278,0.46808363336881176
Top Most Important features,SMOTE,0.0001,0.6297365518969198,0.7913894704250278,0.46808363336881176
Top Most Important features,SMOTE,0.001,0.629688164496152,0.791341201224717,0.4680351277675868
Top Most Important features,SMOTE,0.01,0.6296090071496856,0.7910720900318531,0.46814592426751817
Top Most Important features,SMOTE,0.1,0.6267833103665374,0.7866026145342478,0.46696400619882716
Top Most Important features,SMOTE,1.0,0.6154952075679041,0.7662200601637529,0.46477035497205516
Top Most Important features,SMOTE,10.0,0.6029893970063687,0.747340633719019,0.4586381602937181
Top Most Important features,SMOTE,100.0,0.6013853047660775,0.7445452302049833,0.4582253793271721
